id;name;phone;address
1;program Yen SMS;"6128556206";Iowa navigating Iceland
2;program;"1843544616";Investment Account Frozen
3;Montana Outdoors;"+38024384113";Marketing CSS South Carolina
4;Wooden feed;"1611097216";Fish
5;Metal incentivize Licensed Granite Pizza;"0963838497";Greece clear-thinking Pound Sterling
6;Bike SCSI;"0309992294";Division enable challenge
7;Central;"8670502719";fresh-thinking Credit Card Account Personal Loan Account
8;radical sticky compelling;"+781252742192";Garden
9;Handcrafted;"1981106942";back-end GB
10;Argentine Peso virtual Cambridgeshire;"+0273752967789";Palestinian Territory partnerships architecture
